naic_cd,naics_code_description,Keep?
32791,Abrasive Product Manufacturing,
5412,"Accounting, Tax Preparation, Bookkeeping, and Payroll Services",
54121,"Accounting, Tax Preparation, Bookkeeping, and Payroll Services",
5223,Activities Related to Credit Intermediation,
5313,Activities Related to Real Estate,
32552,Adhesive Manufacturing,
92411,Administration of Air and Water Resource and Solid Waste Management Programs,
92412,Administration of Conservation Programs,
92311,Administration of Education Programs,
9241,Administration of Environmental Quality Programs,
92611,Administration of General Economic Programs,
92511,Administration of Housing Programs,
9251,"Administration of Housing Programs, Urban Planning, and Community Development",
9231,Administration of Human Resource Programs,
92313,"Administration of Human Resource Programs (except Education, Public Health, and Veterans' Affairs Programs)",
92312,Administration of Public Health Programs,
92512,Administration of Urban Planning and Community and Rural Development,
92314,Administration of Veterans' Affairs,
541611,Administrative Management and General Management Consulting Services,
54181,Advertising Agencies,
54187,Advertising Material Distribution Services,
5418,"Advertising, Public Relations, and Related Services",
3364,Aerospace Product and Parts Manufacturing,
33641,Aerospace Product and Parts Manufacturing,
5242,"Agencies, Brokerages, and Other Insurance Related Activities",
71141,"Agents and Managers for Artists, Athletes, Entertainers, and Other Public Figures",
7114,"Agents and Managers for Artists, Athletes, Entertainers, and Other Public Figures",
33311,Agricultural Implement Manufacturing,
3331,"Agriculture, Construction, and Mining Machinery Manufacturing",
333411,Air Purification Equipment Manufacturing,
488111,Air Traffic Control,
333912,Air and Gas Compressor Manufacturing,
333415,Air-Conditioning and Warm Air Heating Equipment and Commercial and Industrial Refrigeration Equipment Manufacturing,
336412,Aircraft Engine and Engine Parts Manufacturing,
336411,Aircraft Manufacturing,
48811,Airport Operations,
325181,Alkalies and Chlorine Manufacturing,
62199,All Other Ambulatory Health Care Services,
71399,All Other Amusement and Recreation Industries,
11299,All Other Animal Production,
811198,All Other Automotive Repair and Maintenance,
325188,All Other Basic Inorganic Chemical Manufacturing,
325199,All Other Basic Organic Chemical Manufacturing,
561499,All Other Business Support Services,
32599,All Other Chemical Product and Preparation Manufacturing,
532299,All Other Consumer Goods Rental,
322299,All Other Converted Paper Product Manufacturing,
11199,All Other Crop Farming,
315299,All Other Cut and Sew Apparel Manufacturing,
33599,All Other Electrical Equipment and Component Manufacturing,
33299,All Other Fabricated Metal Product Manufacturing,
52399,All Other Financial Investment Activities,
31199,All Other Food Manufacturing,
45299,All Other General Merchandise Stores,
33399,All Other General Purpose Machinery Manufacturing,
111199,All Other Grain Farming,
446199,All Other Health and Personal Care Stores,
23499,All Other Heavy Construction,Y
442299,All Other Home Furnishings Stores,
333298,All Other Industrial Machinery Manufacturing,
51919,All Other Information Services,
524298,All Other Insurance Related Activities,
316999,All Other Leather Good and Allied Product Manufacturing,
541199,All Other Legal Services,
212299,All Other Metal Ore Mining,
621999,All Other Miscellaneous Ambulatory Health Care Services,
325998,All Other Miscellaneous Chemical Product and Preparation Manufacturing,
111998,All Other Miscellaneous Crop Farming,
335999,All Other Miscellaneous Electrical Equipment and Component Manufacturing,
332999,All Other Miscellaneous Fabricated Metal Product Manufacturing,
311999,All Other Miscellaneous Food Manufacturing,
333999,All Other Miscellaneous General Purpose Machinery Manufacturing,
339999,All Other Miscellaneous Manufacturing,
33999,All Other Miscellaneous Manufacturing,
327999,All Other Miscellaneous Nonmetallic Mineral Product Manufacturing,
611699,All Other Miscellaneous Schools and Instruction,
45399,All Other Miscellaneous Store Retailers,
453998,All Other Miscellaneous Store Retailers (except Tobacco Stores),
314999,All Other Miscellaneous Textile Product Mills,
562998,All Other Miscellaneous Waste Management Services,
321999,All Other Miscellaneous Wood Product Manufacturing,
441229,All Other Motor Vehicle Dealers,
336399,All Other Motor Vehicle Parts Manufacturing,
522298,All Other Nondepository Credit Intermediation,
212399,All Other Nonmetallic Mineral Mining,
32799,All Other Nonmetallic Mineral Product Manufacturing,
621498,All Other Outpatient Care Centers,
81299,All Other Personal Services,
324199,All Other Petroleum and Coal Products Manufacturing,
48699,All Other Pipeline Transportation,
326199,All Other Plastics Product Manufacturing,
54199,"All Other Professional, Scientific, and Technical Services",
511199,All Other Publishers,
326299,All Other Rubber Product Manufacturing,
61169,All Other Schools and Instruction,
23599,All Other Special Trade Contractors,Y
445299,All Other Specialty Food Stores,
23899,All Other Specialty Trade Contractors,Y
488999,All Other Support Activities for Transportation,
56199,All Other Support Services,
517919,All Other Telecommunications,
31499,All Other Textile Product Mills,
485999,All Other Transit and Ground Passenger Transportation,
336999,All Other Transportation Equipment Manufacturing,
561599,All Other Travel Arrangement and Reservation Services,
721199,All Other Traveler Accommodation,
56299,All Other Waste Management Services,
32199,All Other Wood Product Manufacturing,
331311,Alumina Refining,
3313,Alumina and Aluminum Production and Processing,
33131,Alumina and Aluminum Production and Processing,
331521,Aluminum Die-Casting Foundries,
331316,Aluminum Extruded Product Manufacturing,
331524,Aluminum Foundries (except Die-Casting),
331315,"Aluminum Sheet, Plate, and Foil Manufacturing",
62191,Ambulance Services,
92115,American Indian and Alaska Native Tribal Governments,
332993,Ammunition (except Small Arms) Manufacturing,
71312,Amusement Arcades,
7131,Amusement Parks and Arcades,
71311,Amusement and Theme Parks,
334516,Analytical Laboratory Instrument Manufacturing,
311611,Animal (except Poultry) Slaughtering,
31111,Animal Food Manufacturing,
31161,Animal Slaughtering and Processing,
3116,Animal Slaughtering and Processing,
212113,Anthracite Mining,
11291,Apiculture,
3159,Apparel Accessories and Other Apparel Manufacturing,
31599,Apparel Accessories and Other Apparel Manufacturing,
3151,Apparel Knitting Mills,
4243,"Apparel, Piece Goods, and Notions Merchant Wholesalers",
111331,Apple Orchards,
811412,Appliance Repair and Maintenance,
44311,"Appliance, Television, and Other Electronics Stores",
611513,Apprenticeship Training,
11251,Aquaculture,
1125,Aquaculture,
54131,Architectural Services,
3323,Architectural and Structural Metals Manufacturing,
5413,"Architectural, Engineering, and Related Services",
561613,Armored Car Services,
45392,Art Dealers,
32522,Artificial and Synthetic Fibers and Filaments Manufacturing,
324121,Asphalt Paving Mixture and Block Manufacturing,
32412,"Asphalt Paving, Roofing, and Saturated Materials Manufacturing",
324122,Asphalt Shingle and Coating Materials Manufacturing,
33431,Audio and Video Equipment Manufacturing,
3343,Audio and Video Equipment Manufacturing,
334512,"Automatic Environmental Control Manufacturing for Residential, Commercial, and Appliance Use",
333311,Automatic Vending Machine Manufacturing,
4411,Automobile Dealers,
611692,Automobile Driving Schools,
336111,Automobile Manufacturing,
33611,Automobile and Light Duty Motor Vehicle Manufacturing,
42311,Automobile and Other Motor Vehicle Merchant Wholesalers,
81112,"Automotive Body, Paint, Interior, and Glass Repair",
811121,"Automotive Body, Paint, and Interior Repair and Maintenance",
5321,Automotive Equipment Rental and Leasing,
811112,Automotive Exhaust System Repair,
811122,Automotive Glass Replacement Shops,
81111,Automotive Mechanical and Electrical Repair and Maintenance,
811191,Automotive Oil Change and Lubrication Shops,
44131,Automotive Parts and Accessories Stores,
4413,"Automotive Parts, Accessories, and Tire Stores",
8111,Automotive Repair and Maintenance,
811113,Automotive Transmission Repair,
445291,Baked Goods Stores,
3118,Bakeries and Tortilla Manufacturing,
332991,Ball and Roller Bearing Manufacturing,
812111,Barber Shops,
334412,Bare Printed Circuit Board Manufacturing,
3251,Basic Chemical Manufacturing,
33591,Battery Manufacturing,
812112,Beauty Salons,
721191,Bed-and-Breakfast Inns,
112111,Beef Cattle Ranching and Farming,
11211,"Beef Cattle Ranching and Farming, including Feedlots",
42481,Beer and Ale Merchant Wholesalers,
4248,"Beer, Wine, and Distilled Alcoholic Beverage Merchant Wholesalers",
4453,"Beer, Wine, and Liquor Stores",
44531,"Beer, Wine, and Liquor Stores",
311313,Beet Sugar Manufacturing,
111334,Berry (except Strawberry) Farming,
3121,Beverage Manufacturing,
325414,Biological Product (except Diagnostic) Manufacturing,
212112,Bituminous Coal Underground Mining,
212111,Bituminous Coal and Lignite Surface Mining,
323118,"Blankbook, Looseleaf Binders, and Devices Manufacturing",
33792,Blind and Shade Manufacturing,
621991,Blood and Organ Banks,
336612,Boat Building,
441222,Boat Dealers,
3324,"Boiler, Tank, and Shipping Container Manufacturing",
332722,"Bolt, Nut, Screw, Rivet, and Washer Manufacturing",
51113,Book Publishers,
451211,Book Stores,
45121,Book Stores and News Dealers,
4512,"Book, Periodical, and Music Stores",
42492,"Book, Periodical, and Newspaper Merchant Wholesalers",
323117,Books Printing,
312112,Bottled Water Manufacturing,
71395,Bowling Centers,
31181,Bread and Bakery Product Manufacturing,
31123,Breakfast Cereal Manufacturing,
31212,Breweries,
327121,Brick and Structural Clay Tile Manufacturing,
42332,"Brick, Stone, and Related Construction Material Merchant Wholesalers",
313311,Broadwoven Fabric Finishing Mills,
31321,Broadwoven Fabric Mills,
11232,Broilers and Other Meat Type Chicken Production,
339994,"Broom, Brush, and Mop Manufacturing",
2382,Building Equipment Contractors,Y
2383,Building Finishing Contractors,Y
54135,Building Inspection Services,
4441,Building Material and Supplies Dealers,
339995,Burial Casket Manufacturing,
485113,Bus and Other Motor Vehicle Transit Systems,
81391,Business Associations,
6114,Business Schools and Computer and Management Training,
56143,Business Service Centers,
5614,Business Support Services,
61141,Business and Secretarial Schools,
42511,Business to Business Electronic Markets,
8139,"Business, Professional, Labor, Political, and Similar Organizations",
51751,Cable and Other Program Distribution,
5175,Cable and Other Program Distribution,
51521,Cable and Other Subscription Programming,
5152,Cable and Other Subscription Programming,
722212,"Cafeterias, Grill Buffets, and Buffets",
44313,Camera and Photographic Supplies Stores,
311312,Cane Sugar Refining,
314912,Canvas and Related Product Mills,
811192,Car Washes,
325182,Carbon Black Manufacturing,
339944,Carbon Paper and Inked Ribbon Manufacturing,
335991,Carbon and Graphite Product Manufacturing,
336311,"Carburetor, Piston, Piston Ring, and Valve Manufacturing",
23551,Carpentry Contractors,Y
31411,Carpet and Rug Mills,
56174,Carpet and Upholstery Cleaning Services,
72112,Casino Hotels,
71321,Casinos (except Casino Hotels),
72232,Caterers,
112112,Cattle Feedlots,
1121,Cattle Ranching and Farming,
517212,Cellular and Other Wireless Telecommunications,
325221,Cellulosic Organic Fiber Manufacturing,
32731,Cement Manufacturing,
3273,Cement and Concrete Product Manufacturing,
81222,Cemeteries and Crematories,
327122,Ceramic Wall and Floor Tile Manufacturing,
4855,Charter Bus Industry,
48551,Charter Bus Industry,
311513,Cheese Manufacturing,
11231,Chicken Egg Production,
62441,Child Day Care Services,
6244,Child Day Care Services,
62411,Child and Youth Services,
44813,Children's and Infants' Clothing Stores,
31132,Chocolate and Confectionery Manufacturing from Cacao Beans,
312221,Cigarette Manufacturing,
11132,Citrus (except Orange) Groves,
81341,Civic and Social Organizations,
8134,Civic and Social Organizations,
524291,Claims Adjusting,
32712,Clay Building Material and Refractories Manufacturing,
3271,Clay Product and Refractory Manufacturing,
327124,Clay Refractory Manufacturing,
212325,Clay and Ceramic and Refractory Minerals Mining,
44815,Clothing Accessories Stores,
4481,Clothing Stores,
21211,Coal Mining,
2121,Coal Mining,
42352,Coal and Other Mineral and Ore Merchant Wholesalers,
483114,Coastal and Great Lakes Passenger Transportation,
322223,Coated Paper Bag and Pouch Manufacturing,
322221,Coated and Laminated Packaging Paper Manufacturing,
322222,Coated and Laminated Paper Manufacturing,
3328,"Coating, Engraving, Heat Treating, and Allied Activities",
33281,"Coating, Engraving, Heat Treating, and Allied Activities",
31192,Coffee and Tea Manufacturing,
81231,Coin-Operated Laundries and Drycleaners,
56144,Collection Agencies,
61131,"Colleges, Universities, and Professional Schools",
6113,"Colleges, Universities, and Professional Schools",
532411,"Commercial Air, Rail, and Water Transportation Equipment Rental and Leasing",
311812,Commercial Bakeries,
52211,Commercial Banking,
323112,Commercial Flexographic Printing,
323111,Commercial Gravure Printing,
333312,"Commercial Laundry, Drycleaning, and Pressing Machine Manufacturing",
32311,Commercial Lithographic Printing,
541922,Commercial Photography,
323113,Commercial Screen Printing,
81131,Commercial and Industrial Machinery and Equipment (except Automotive and Electronic) Repair and Maintenance,
8113,Commercial and Industrial Machinery and Equipment (except Automotive and Electronic) Repair and Maintenance,
5324,Commercial and Industrial Machinery and Equipment Rental and Leasing,
23332,Commercial and Institutional Building Construction,Y
23622,Commercial and Institutional Building Construction,Y
33331,Commercial and Service Industry Machinery Manufacturing,
3333,Commercial and Service Industry Machinery Manufacturing,
335122,"Commercial, Industrial, and Institutional Electric Lighting Fixture Manufacturing",
52314,Commodity Contracts Brokerage,
52313,Commodity Contracts Dealing,
811213,Communication Equipment Repair and Maintenance,
33592,Communication and Energy Wire and Cable Manufacturing,
3342,Communications Equipment Manufacturing,
6233,Community Care Facilities for the Elderly,
62331,Community Care Facilities for the Elderly,
62421,Community Food Services,
6242,"Community Food and Housing, and Emergency and Other Relief Services",
62422,Community Housing Services,
485112,Commuter Rail Systems,
541513,Computer Facilities Management Services,
334112,Computer Storage Device Manufacturing,
541512,Computer Systems Design Services,
54151,Computer Systems Design and Related Services,
5415,Computer Systems Design and Related Services,
334113,Computer Terminal Manufacturing,
61142,Computer Training,
42343,Computer and Computer Peripheral Equipment and Software Merchant Wholesalers,
811212,Computer and Office Machine Repair and Maintenance,
3341,Computer and Peripheral Equipment Manufacturing,
33411,Computer and Peripheral Equipment Manufacturing,
44312,Computer and Software Stores,
327331,Concrete Block and Brick Manufacturing,
327332,Concrete Pipe Manufacturing,
32733,"Concrete Pipe, Brick, and Block Manufacturing",
31133,Confectionery Manufacturing from Purchased Chocolate,
42445,Confectionery Merchant Wholesalers,
445292,Confectionery and Nut Stores,
33312,Construction Machinery Manufacturing,
212321,Construction Sand and Gravel Mining,
42381,Construction and Mining (except Oil Well) Machinery and Equipment Merchant Wholesalers,
532412,"Construction, Mining, and Forestry Machinery and Equipment Rental and Leasing",
53241,"Construction, Transportation, Mining, and Forestry Machinery and Equipment Rental and Leasing",
811211,Consumer Electronics Repair and Maintenance,
53221,Consumer Electronics and Appliances Rental,
5322,Consumer Goods Rental,
522291,Consumer Lending,
623311,Continuing Care Retirement Communities,
44512,Convenience Stores,
56192,Convention and Trade Show Organizers,
561591,Convention and Visitors Bureaus,
3222,Converted Paper Product Manufacturing,
333922,Conveyor and Conveying Equipment Manufacturing,
311821,Cookie and Cracker Manufacturing,
31182,"Cookie, Cracker, and Pasta Manufacturing",
212234,Copper Ore and Nickel Ore Mining,
33142,"Copper Rolling, Drawing, Extruding, and Alloying",
331421,"Copper Rolling, Drawing, and Extruding",
331422,Copper Wire (except Mechanical) Drawing,
21223,"Copper, Nickel, Lead, and Zinc Mining",
11115,Corn Farming,
551114,"Corporate, Subsidiary, and Regional Managing Offices",
92214,Correctional Institutions,
322211,Corrugated and Solid Fiber Box Manufacturing,
44612,"Cosmetics, Beauty Supplies, and Perfume Stores",
611511,Cosmetology and Barber Schools,
339914,Costume Jewelry and Novelty Manufacturing,
11192,Cotton Farming,
115111,Cotton Ginning,
4921,Couriers and Express Delivery Services,
49211,Couriers and Express Delivery Services,
561492,Court Reporting and Stenotype Services,
92211,Courts,
311512,Creamery Butter Manufacturing,
56145,Credit Bureaus,
52221,Credit Card Issuing,
52213,Credit Unions,
115113,"Crop Harvesting, Primarily by Machine",
211111,Crude Petroleum and Natural Gas Extraction,
212313,Crushed and Broken Granite Mining and Quarrying,
212312,Crushed and Broken Limestone Mining and Quarrying,
335931,Current-Carrying Wiring Device Manufacturing,
314121,Curtain and Drapery Mills,
31412,Curtain and Linen Mills,
337212,Custom Architectural Woodwork and Millwork Manufacturing,
325991,Custom Compounding of Purchased Resins,
541511,Custom Computer Programming Services,
332114,Custom Roll Forming,
321912,"Cut Stock, Resawing Lumber, and Planing",
327991,Cut Stone and Stone Product Manufacturing,
31521,Cut and Sew Apparel Contractors,
3152,Cut and Sew Apparel Manufacturing,
332211,Cutlery and Flatware (except Precious) Manufacturing,
33221,Cutlery and Handtool Manufacturing,
3322,Cutlery and Handtool Manufacturing,
333515,Cutting Tool and Machine Tool Accessory Manufacturing,
11212,Dairy Cattle and Milk Production,
42443,Dairy Product (except Dried or Canned) Merchant Wholesalers,
42243,Dairy Product (except Dried or Canned) Wholesalers,
31151,Dairy Product (except Frozen) Manufacturing,
3115,Dairy Product Manufacturing,
71112,Dance Companies,
51821,"Data Processing, Hosting, and Related Services",
5182,"Data Processing, Hosting, and Related Services",
8122,Death Care Services,
483111,Deep Sea Freight Transportation,
483112,Deep Sea Passenger Transportation,
4831,"Deep Sea, Coastal, and Great Lakes Water Transportation",
48311,"Deep Sea, Coastal, and Great Lakes Water Transportation",
339114,Dental Equipment and Supplies Manufacturing,
339116,Dental Laboratories,
4521,Department Stores,
45211,Department Stores,
452111,Department Stores (except Discount Department Stores),
5221,Depository Credit Intermediation,
621512,Diagnostic Imaging Centers,
322231,Die-Cut Paper and Paperboard Office Supplies Manufacturing,
812191,Diet and Weight Reducing Centers,
323115,Digital Printing,
212311,Dimension Stone Mining and Quarrying,
524114,Direct Health and Medical Insurance Carriers,
52412,"Direct Insurance (except Life, Health, and Medical) Carriers",
524113,Direct Life Insurance Carriers,
52411,"Direct Life, Health, and Medical Insurance Carriers",
54186,Direct Mail Advertising,
524126,Direct Property and Casualty Insurance Carriers,
4543,Direct Selling Establishments,
524127,Direct Title Insurance Carriers,
51114,Directory and Mailing List Publishers,
452112,Discount Department Stores,
54185,Display Advertising,
31214,Distilleries,
56141,Document Preparation Services,
311111,Dog and Cat Food Manufacturing,
339931,Doll and Stuffed Toy Manufacturing,
33993,"Doll, Toy, and Game Manufacturing",
54134,Drafting Services,
311423,Dried and Dehydrated Food Manufacturing,
213111,Drilling Oil and Gas Wells,
72241,Drinking Places (Alcoholic Beverages),
7224,Drinking Places (Alcoholic Beverages),
512132,Drive-In Motion Picture Theaters,
42421,Drugs and Druggists' Sundries Merchant Wholesalers,
311823,Dry Pasta Manufacturing,
11113,Dry Pea and Bean Farming,
311514,"Dry, Condensed, and Evaporated Dairy Product Manufacturing",
8123,Drycleaning and Laundry Services,
81232,Drycleaning and Laundry Services (except Coin-Operated),
23831,Drywall and Insulation Contractors,Y
23542,"Drywall, Plastering, Acoustical and Insulation Contractors",Y
11213,Dual-Purpose Cattle Ranching and Farming,
6117,Educational Support Services,
61171,Educational Support Services,
221121,Electric Bulk Power Transmission and Control,
335211,Electric Housewares and Household Fan Manufacturing,
33511,Electric Lamp Bulb and Part Manufacturing,
3351,Electric Lighting Equipment Manufacturing,
221122,Electric Power Distribution,
22111,Electric Power Generation,
2211,"Electric Power Generation, Transmission and Distribution",
22112,"Electric Power Transmission, Control, and Distribution",
42361,"Electrical Apparatus and Equipment, Wiring Supplies, and Related Equipment Merchant Wholesalers",
23531,Electrical Contractors,Y
23821,Electrical Contractors and Other Wiring Installation Contractors,Y
3353,Electrical Equipment Manufacturing,
33531,Electrical Equipment Manufacturing,
42362,"Electrical and Electronic Appliance, Television, and Radio Set Merchant Wholesalers",
4236,Electrical and Electronic Goods Merchant Wholesalers,
33451,Electromedical and Electrotherapeutic Apparatus Manufacturing,
331112,Electrometallurgical Ferroalloy Product Manufacturing,
454112,Electronic Auctions,
334414,Electronic Capacitor Manufacturing,
334416,"Electronic Coil, Transformer, and Other Inductor Manufacturing",
334111,Electronic Computer Manufacturing,
334417,Electronic Connector Manufacturing,
454111,Electronic Shopping,
45411,Electronic Shopping and Mail-Order Houses,
4541,Electronic Shopping and Mail-Order Houses,
8112,Electronic and Precision Equipment Repair and Maintenance,
81121,Electronic and Precision Equipment Repair and Maintenance,
4431,Electronics and Appliance Stores,
443,Electronics and Appliance Stores,
332813,"Electroplating, Plating, Polishing, Anodizing, and Coloring",
61111,Elementary and Secondary Schools,
6111,Elementary and Secondary Schools,
333921,Elevator and Moving Stairway Manufacturing,
62423,Emergency and Other Relief Services,
56131,Employment Placement Agencies,
561311,Employment Placement Agencies,
56131,Employment Placement Agencies and Executive Search Services,
5613,Employment Services,
3336,"Engine, Turbine, and Power Transmission Equipment Manufacturing",
33361,"Engine, Turbine, and Power Transmission Equipment Manufacturing",
321213,Engineered Wood Member (except Truss) Manufacturing,
54133,Engineering Services,
322232,Envelope Manufacturing,
813312,"Environment, Conservation and Wildlife Organizations",
54162,Environmental Consulting Services,
325193,Ethyl Alcohol Manufacturing,
611691,Exam Preparation and Tutoring,
23593,Excavation Contractors,Y
92111,Executive Offices,
561312,Executive Search Services,
92114,"Executive and Legislative Offices, Combined",
9211,"Executive, Legislative, and Other General Government Support",
32592,Explosives Manufacturing,
56171,Exterminating and Pest Control Services,
31332,Fabric Coating Mills,
3132,Fabric Mills,
332996,Fabricated Pipe and Pipe Fitting Manufacturing,
332312,Fabricated Structural Metal Manufacturing,
56121,Facilities Support Services,
5612,Facilities Support Services,
44814,Family Clothing Stores,
62141,Family Planning Centers,
115115,Farm Labor Contractors and Crew Leaders,
333111,Farm Machinery and Equipment Manufacturing,
115116,Farm Management Services,
4245,Farm Product Raw Material Merchant Wholesalers,
49313,Farm Product Warehousing and Storage,
42491,Farm Supplies Merchant Wholesalers,
42382,Farm and Garden Machinery and Equipment Merchant Wholesalers,
339993,"Fastener, Button, Needle, and Pin Manufacturing",
311225,Fats and Oils Refining and Blending,
33151,Ferrous Metal Foundries,
325314,Fertilizer (Mixing Only) Manufacturing,
32531,Fertilizer Manufacturing,
322214,"Fiber Can, Tube, Drum, and Similar Products Manufacturing",
335921,Fiber Optic Cable Manufacturing,
3131,"Fiber, Yarn, and Thread Mills",
31311,"Fiber, Yarn, and Thread Mills",
52232,"Financial Transactions Processing, Reserve, and Clearinghouse Activities",
61161,Fine Arts Schools,
112511,Finfish Farming and Fish Hatcheries,
114111,Finfish Fishing,
23835,Finish Carpentry Contractors,Y
92216,Fire Protection,
44522,Fish and Seafood Markets,
42446,Fish and Seafood Merchant Wholesalers,
1141,Fishing,
11411,Fishing,
71394,Fitness and Recreational Sports Centers,
327211,Flat Glass Manufacturing,
31193,Flavoring Syrup and Concentrate Manufacturing,
611512,Flight Training,
44221,Floor Covering Stores,
23833,Flooring Contractors,Y
111422,Floriculture Production,
45311,Florists,
4531,Florists,
311211,Flour Milling,
31121,Flour Milling and Malt Manufacturing,
311822,Flour Mixes and Dough Manufacturing from Purchased Flour,
42493,"Flower, Nursery Stock, and Florists' Supplies Merchant Wholesalers",
311511,Fluid Milk Manufacturing,
333995,Fluid Power Cylinder and Actuator Manufacturing,
333996,Fluid Power Pump and Motor Manufacturing,
332912,Fluid Power Valve and Hose Fitting Manufacturing,
322212,Folding Paperboard Box Manufacturing,
446191,Food (Health) Supplement Stores,
11141,Food Crops Grown Under Cover,
333294,Food Product Machinery Manufacturing,
72231,Food Service Contractors,
31621,Footwear Manufacturing,
42434,Footwear Merchant Wholesalers,
81143,Footwear and Leather Goods Repair,
11321,Forest Nurseries and Gathering of Forest Products,
1132,Forest Nurseries and Gathering of Forest Products,
3321,Forging and Stamping,
33211,Forging and Stamping,
53222,Formal Wear and Costume Rental,
221112,Fossil Fuel Electric Power Generation,
2381,"Foundation, Structure, and Building Exterior Contractors",Y
3315,Foundries,
23813,Framing Contractors,Y
621493,Freestanding Ambulatory Surgical and Emergency Centers,
4885,Freight Transportation Arrangement,
48851,Freight Transportation Arrangement,
42448,Fresh Fruit and Vegetable Merchant Wholesalers,
311712,Fresh and Frozen Seafood Processing,
311813,"Frozen Cakes, Pies, and Other Pastries Manufacturing",
31141,Frozen Food Manufacturing,
311411,"Frozen Fruit, Juice, and Vegetable Manufacturing",
311412,Frozen Specialty Food Manufacturing,
111336,Fruit and Tree Nut Combination Farming,
1113,Fruit and Tree Nut Farming,
311421,Fruit and Vegetable Canning,
31142,"Fruit and Vegetable Canning, Pickling, and Drying",
44523,Fruit and Vegetable Markets,
3114,Fruit and Vegetable Preserving and Specialty Food Manufacturing,
45431,Fuel Dealers,
7221,Full-Service Restaurants,
72211,Full-Service Restaurants,
81221,Funeral Homes and Funeral Services,
315292,Fur and Leather Apparel Manufacturing,
11293,Fur-Bearing Animal and Rabbit Production,
42321,Furniture Merchant Wholesalers,
44211,Furniture Stores,
4421,Furniture Stores,
4232,Furniture and Home Furnishing Merchant Wholesalers,
7132,Gambling Industries,
339932,"Game, Toy, and Children's Vehicle Manufacturing",
339991,"Gasket, Packing, and Sealing Device Manufacturing",
336312,Gasoline Engine and Engine Parts Manufacturing,
4471,Gasoline Stations,
44711,Gasoline Stations with Convenience Stores,
811111,General Automotive Repair,
4841,General Freight Trucking,
48411,"General Freight Trucking, Local",
48412,"General Freight Trucking, Long-Distance",
484122,"General Freight Trucking, Long-Distance, Less Than Truckload",
484121,"General Freight Trucking, Long-Distance, Truckload",
42441,General Line Grocery Merchant Wholesalers,
42241,General Line Grocery Wholesalers,
62211,General Medical and Surgical Hospitals,
6221,General Medical and Surgical Hospitals,
452,General Merchandise Stores,
53231,General Rental Centers,
5323,General Rental Centers,
49311,General Warehousing and Storage,
54136,Geophysical Surveying and Mapping Services,
45322,"Gift, Novelty, and Souvenir Stores",
327213,Glass Container Manufacturing,
327215,Glass Product Manufacturing Made of Purchased Glass,
32721,Glass and Glass Product Manufacturing,
3272,Glass and Glass Product Manufacturing,
23815,Glass and Glazing Contractors,Y
315992,Glove and Mitten Manufacturing,
11242,Goat Farming,
212221,Gold Ore Mining,
21222,Gold Ore and Silver Ore Mining,
71391,Golf Courses and Country Clubs,
42451,Grain and Field Bean Merchant Wholesalers,
3112,Grain and Oilseed Milling,
813211,Grantmaking Foundations,
81321,Grantmaking and Giving Services,
8132,Grantmaking and Giving Services,
111332,Grape Vineyards,
54143,Graphic Design Services,
1114,"Greenhouse, Nursery, and Floriculture Production",
511191,Greeting Card Publishers,
4451,Grocery Stores,
4244,Grocery and Related Product Merchant Wholesalers,
327992,Ground or Treated Mineral and Earth Manufacturing,
336414,Guided Missile and Space Vehicle Manufacturing,
336415,Guided Missile and Space Vehicle Propulsion Unit and Propulsion Unit Parts Manufacturing,
32742,Gypsum Product Manufacturing,
621491,HMO Medical Centers,
81211,"Hair, Nail, and Skin Care Services",
332212,Hand and Edge Tool Manufacturing,
33251,Hardware Manufacturing,
42371,Hardware Merchant Wholesalers,
44413,Hardware Stores,
4237,"Hardware, and Plumbing and Heating Equipment and Supplies Merchant Wholesalers",
4217,"Hardware, and Plumbing and Heating Equipment and Supplies Wholesalers",
321211,Hardwood Veneer and Plywood Manufacturing,
315991,"Hat, Cap, and Millinery Manufacturing",
11194,Hay Farming,
562112,Hazardous Waste Collection,
562211,Hazardous Waste Treatment and Disposal,
62,Health Care and Social Assistance,
4461,Health and Personal Care Stores,
52512,Health and Welfare Funds,
333414,Heating Equipment (except Warm Air Furnaces) Manufacturing,
454311,Heating Oil Dealers,
33612,Heavy Duty Truck Manufacturing,
23731,"Highway, Street, and Bridge Construction",Y
2373,"Highway, Street, and Bridge Construction",Y
71212,Historical Sites,
45112,"Hobby, Toy, and Game Stores",
11221,Hog and Pig Farming,
1122,Hog and Pig Farming,
44411,Home Centers,
42322,Home Furnishing Merchant Wholesalers,
4422,Home Furnishings Stores,
62161,Home Health Care Services,
6216,Home Health Care Services,
532291,Home Health Equipment Rental,
811411,Home and Garden Equipment Repair and Maintenance,
81141,Home and Garden Equipment and Appliance Repair and Maintenance,
623312,Homes for the Elderly,
11292,Horses and Other Equine Production,
31511,Hosiery and Sock Mills,
72111,Hotels (except Casino Hotels) and Motels,
3352,Household Appliance Manufacturing,
443111,Household Appliance Stores,
335221,Household Cooking Appliance Manufacturing,
337125,Household Furniture (except Wood and Metal) Manufacturing,
335224,Household Laundry Equipment Manufacturing,
335222,Household Refrigerator and Home Freezer Manufacturing,
335212,Household Vacuum Cleaner Manufacturing,
33712,Household and Institutional Furniture Manufacturing,
3371,Household and Institutional Furniture and Kitchen Cabinet Manufacturing,
541612,Human Resources Consulting Services,
813311,Human Rights Organizations,
11421,Hunting and Trapping,
221111,Hydroelectric Power Generation,
31152,Ice Cream and Frozen Dessert Manufacturing,
312113,Ice Manufacturing,
325413,In-Vitro Diagnostic Substance Manufacturing,
71151,"Independent Artists, Writers, and Performers",
7115,"Independent Artists, Writers, and Performers",
6241,Individual and Family Services,
23621,Industrial Building Construction,Y
54142,Industrial Design Services,
32512,Industrial Gas Manufacturing,
812332,Industrial Launderers,
3332,Industrial Machinery Manufacturing,
42383,Industrial Machinery and Equipment Merchant Wholesalers,
333511,Industrial Mold Manufacturing,
332997,Industrial Pattern Manufacturing,
333994,Industrial Process Furnace and Oven Manufacturing,
212322,Industrial Sand Mining,
42384,Industrial Supplies Merchant Wholesalers,
333924,"Industrial Truck, Tractor, Trailer, and Stacker Machinery Manufacturing",
332911,Industrial Valve Manufacturing,
333412,Industrial and Commercial Fan and Blower Manufacturing,
42413,Industrial and Personal Service Paper Merchant Wholesalers,
315291,Infants' Cut and Sew Apparel Manufacturing,
483211,Inland Water Freight Transportation,
483212,Inland Water Passenger Transportation,
48321,Inland Water Transportation,
4832,Inland Water Transportation,
325131,Inorganic Dye and Pigment Manufacturing,
337127,Institutional Furniture Manufacturing,
334515,Instrument Manufacturing for Measuring and Testing Electricity and Electrical Signals,
334513,"Instruments and Related Products Manufacturing for Measuring, Displaying, and Controlling Industrial Process Variables",
52421,Insurance Agencies and Brokerages,
5241,Insurance Carriers,
5251,Insurance and Employee Benefit Funds,
51222,Integrated Record Production/Distribution,
54141,Interior Design Services,
92812,International Affairs,
522293,International Trade Financing,
51611,Internet Publishing and Broadcasting,
51913,Internet Publishing and Broadcasting and Web Search Portals,
518111,Internet Service Providers,
51811,Internet Service Providers and Web Search Portals,
5181,Internet Service Providers and Web Search Portals,
48521,Interurban and Rural Bus Transportation,
4852,Interurban and Rural Bus Transportation,
561611,Investigation Services,
5616,Investigation and Security Services,
56161,"Investigation, Guard, and Armored Car Services",
52393,Investment Advice,
52311,Investment Banking and Securities Dealing,
331511,Iron Foundries,
21221,Iron Ore Mining,
332111,Iron and Steel Forging,
331111,Iron and Steel Mills,
33111,Iron and Steel Mills and Ferroalloy Manufacturing,
3311,Iron and Steel Mills and Ferroalloy Manufacturing,
33121,Iron and Steel Pipe and Tube Manufacturing from Purchased Steel,
56172,Janitorial Services,
339913,Jewelers' Material and Lapidary Work Manufacturing,
339911,Jewelry (except Costume) Manufacturing,
44831,Jewelry Stores,
33991,Jewelry and Silverware Manufacturing,
4483,"Jewelry, Luggage, and Leather Goods Stores",
42394,"Jewelry, Watch, Precious Stone, and Precious Metal Merchant Wholesalers",
61121,Junior Colleges,
6112,Junior Colleges,
9221,"Justice, Public Order, and Safety Activities",
212324,Kaolin and Ball Clay Mining,
621492,Kidney Dialysis Centers,
332214,"Kitchen Utensil, Pot, and Pan Manufacturing",
31324,Knit Fabric Mills,
81393,Labor Unions and Similar Labor Organizations,
339111,Laboratory Apparatus and Furniture Manufacturing,
322225,Laminated Aluminum Foil Manufacturing for Flexible Packaging Uses,
32613,"Laminated Plastics Plate, Sheet (except Packaging), and Shape Manufacturing",
23721,Land Subdivision,Y
2372,Land Subdivision,Y
23311,Land Subdivision and Land Development,Y
54132,Landscape Architectural Services,
56173,Landscaping Services,
61163,Language Schools,
4442,Lawn and Garden Equipment and Supplies Stores,
333112,Lawn and Garden Tractor and Home Lawn and Garden Equipment Manufacturing,
212231,Lead Ore and Zinc Ore Mining,
339942,Lead Pencil and Art Good Manufacturing,
31611,Leather and Hide Tanning and Finishing,
3161,Leather and Hide Tanning and Finishing,
92213,Legal Counsel and Prosecution,
5411,Legal Services,
92112,Legislative Bodies,
53113,Lessors of Miniwarehouses and Self-Storage Units,
5331,Lessors of Nonfinancial Intangible Assets (except Copyrighted Works),
53311,Lessors of Nonfinancial Intangible Assets (except Copyrighted Works),
53112,Lessors of Nonresidential Buildings (except Miniwarehouses),
53119,Lessors of Other Real Estate Property,
5311,Lessors of Real Estate,
53111,Lessors of Residential Buildings and Dwellings,
51412,Libraries and Archives,
51912,Libraries and Archives,
336112,Light Truck and Utility Vehicle Manufacturing,
33512,Lighting Fixture Manufacturing,
32741,Lime Manufacturing,
72221,Limited-Service Eating Places,
7222,Limited-Service Eating Places,
722211,Limited-Service Restaurants,
48532,Limousine Service,
482111,Line-Haul Railroads,
812331,Linen Supply,
81233,Linen and Uniform Supply,
454312,Liquefied Petroleum Gas (Bottled Gas) Dealers,
42452,Livestock Merchant Wholesalers,
978,Local Alcoholic Beverage Stores,
963,Local Ambulance and Rescue Squads (except fire or police),
961,Local Correctional Institutions,
971,Local Elementary and Secondary Schools,
983,Local Environmental Quality Programs,
962,Local Fire Protection,
981,Local Generation and Distribution of Electric Power,
969,Local Group Homes for Mentally and Physically Handicapped,
976,Local Highway Departments,
966,Local Hospitals,
972,Local Institutions of Higher Education,
965,Local Libraries,
4922,Local Messengers and Local Delivery,
49221,Local Messengers and Local Delivery,
967,Local Nursing Homes,
979,Local Off-Track Betting Corp.,
975,Local Parks and Recreation,
964,Local Police Protection,
982,Local Provision of Residential and Commercial Telephone and Telegraphic Communications,
974,Local School Boards or Districts,
973,Local Schools for Handicapped & Gifted,
968,Local Sheltered Workshops,
977,Local Transit Systems,
561622,Locksmiths,
11331,Logging,
1133,Logging,
316991,Luggage Manufacturing,
44832,Luggage and Leather Goods Stores,
4233,Lumber and Other Construction Materials Merchant Wholesalers,
4213,Lumber and Other Construction Materials Wholesalers,
42331,"Lumber, Plywood, Millwork, and Wood Panel Merchant Wholesalers",
33271,Machine Shops,
3327,"Machine Shops; Turned Product; and Screw, Nut, and Bolt Manufacturing",
333512,Machine Tool (Metal Cutting Types) Manufacturing,
333513,Machine Tool (Metal Forming Types) Manufacturing,
4238,"Machinery, Equipment, and Supplies Merchant Wholesalers",
334613,Magnetic and Optical Recording Media Manufacturing,
454113,Mail-Order Houses,
33522,Major Appliance Manufacturing,
311213,Malt Manufacturing,
54161,Management Consulting Services,
55111,Management of Companies and Enterprises,
5511,Management of Companies and Enterprises,
5416,"Management, Scientific, and Technical Consulting Services",
323116,Manifold Business Forms Printing,
45393,Manufactured (Mobile) Home Dealers,
321991,Manufactured Home (Mobile Home) Manufacturing,
23331,Manufacturing and Industrial Building Construction,Y
71393,Marinas,
48832,Marine Cargo Handling,
541613,Marketing Consulting Services,
54191,Marketing Research and Public Opinion Polling,
339943,Marking Device Manufacturing,
23814,Masonry Contractors,Y
2354,"Masonry, Drywall, Insulation, and Tile Contractors",Y
33392,Material Handling Equipment Manufacturing,
56292,Materials Recovery Facilities,
33791,Mattress Manufacturing,
311941,"Mayonnaise, Dressing, and Other Prepared Sauce Manufacturing",
333913,Measuring and Dispensing Pump Manufacturing,
44521,Meat Markets,
311612,Meat Processed from Carcasses,
42447,Meat and Meat Product Merchant Wholesalers,
333613,Mechanical Power Transmission Equipment Manufacturing,
54183,Media Buying Agencies,
54184,Media Representatives,
33911,Medical Equipment and Supplies Manufacturing,
3391,Medical Equipment and Supplies Manufacturing,
621511,Medical Laboratories,
62151,Medical and Diagnostic Laboratories,
6215,Medical and Diagnostic Laboratories,
42345,"Medical, Dental, and Hospital Equipment and Supplies Merchant Wholesalers",
325411,Medicinal and Botanical Manufacturing,
44811,Men's Clothing Stores,
316213,Men's Footwear (except Athletic) Manufacturing,
42432,Men's and Boys' Clothing and Furnishings Merchant Wholesalers,
315211,Men's and Boys' Cut and Sew Apparel Contractors,
31522,Men's and Boys' Cut and Sew Apparel Manufacturing,
315228,Men's and Boys' Cut and Sew Other Outerwear Manufacturing,
315223,Men's and Boys' Cut and Sew Shirt (except Work Shirt) Manufacturing,
315222,"Men's and Boys' Cut and Sew Suit, Coat, and Overcoat Manufacturing",
315224,"Men's and Boys' Cut and Sew Trouser, Slack, and Jean Manufacturing",
315225,Men's and Boys' Cut and Sew Work Clothing Manufacturing,
332431,Metal Can Manufacturing,
33243,"Metal Can, Box, and Other Metal Container (Light Gauge) Manufacturing",
332812,"Metal Coating, Engraving (except Jewelry and Silverware), and Allied Services to Manufacturers",
332811,Metal Heat Treating,
337124,Metal Household Furniture Manufacturing,
2122,Metal Ore Mining,
42351,Metal Service Centers and Other Metal Merchant Wholesalers,
332116,Metal Stamping,
33242,Metal Tank (Heavy Gauge) Manufacturing,
33291,Metal Valve Manufacturing,
332321,Metal Window and Door Manufacturing,
4235,Metal and Mineral (except Petroleum) Merchant Wholesalers,
33351,Metalworking Machinery Manufacturing,
3335,Metalworking Machinery Manufacturing,
336992,"Military Armored Vehicle, Tank, and Tank Component Manufacturing",
32191,Millwork,
327993,Mineral Wool Manufacturing,
333131,Mining Machinery and Equipment Manufacturing,
33313,Mining and Oil and Gas Field Machinery Manufacturing,
4239,Miscellaneous Durable Goods Merchant Wholesalers,
523999,Miscellaneous Financial Investment Activities,
52391,Miscellaneous Intermediation,
4249,Miscellaneous Nondurable Goods Merchant Wholesalers,
485111,Mixed Mode Transit Systems,
72233,Mobile Food Services,
52111,Monetary Authorities-Central Bank,
5211,Monetary Authorities-Central Bank,
52231,Mortgage and Nonmortgage Loan Brokers,
512131,Motion Picture Theaters (except Drive-Ins),
51212,Motion Picture and Video Distribution,
51213,Motion Picture and Video Exhibition,
5121,Motion Picture and Video Industries,
51211,Motion Picture and Video Production,
336213,Motor Home Manufacturing,
336391,Motor Vehicle Air-Conditioning Manufacturing,
336211,Motor Vehicle Body Manufacturing,
3362,Motor Vehicle Body and Trailer Manufacturing,
33621,Motor Vehicle Body and Trailer Manufacturing,
33634,Motor Vehicle Brake System Manufacturing,
33632,Motor Vehicle Electrical and Electronic Equipment Manufacturing,
33631,Motor Vehicle Gasoline Engine and Engine Parts Manufacturing,
3361,Motor Vehicle Manufacturing,
33637,Motor Vehicle Metal Stamping,
42314,Motor Vehicle Parts (Used) Merchant Wholesalers,
3363,Motor Vehicle Parts Manufacturing,
33636,Motor Vehicle Seating and Interior Trim Manufacturing,
33633,Motor Vehicle Steering and Suspension Components (except Spring) Manufacturing,
42312,Motor Vehicle Supplies and New Parts Merchant Wholesalers,
48841,Motor Vehicle Towing,
33635,Motor Vehicle Transmission and Power Train Parts Manufacturing,
4231,Motor Vehicle and Motor Vehicle Parts and Supplies Merchant Wholesalers,
335312,Motor and Generator Manufacturing,
441221,"Motorcycle, ATV, and Personal Watercraft Dealers",
336991,"Motorcycle, Bicycle, and Parts Manufacturing",
44122,"Motorcycle, Boat, and Other Motor Vehicle Dealers",
23322,Multifamily Housing Construction,Y
71211,Museums,
7121,"Museums, Historical Sites, and Similar Institutions",
111411,Mushroom Production,
51223,Music Publishers,
71113,Musical Groups and Artists,
339992,Musical Instrument Manufacturing,
45114,Musical Instrument and Supplies Stores,
812113,Nail Salons,
313221,Narrow Fabric Mills,
31322,Narrow Fabric Mills and Schiffli Machine Embroidery,
92811,National Security,
22121,Natural Gas Distribution,
2212,Natural Gas Distribution,
211112,Natural Gas Liquid Extraction,
71219,Nature Parks and Other Similar Institutions,
48833,Navigational Services to Shipping,
33451,"Navigational, Measuring, Electromedical, and Control Instruments Manufacturing",
3345,"Navigational, Measuring, Electromedical, and Control Instruments Manufacturing",
44111,New Car Dealers,
236117,New Housing Operative Builders,Y
236116,New Multifamily Housing Construction (except Operative Builders),Y
236115,New Single-Family Housing Construction (except Operative Builders),Y
451212,News Dealers and Newsstands,
51911,News Syndicates,
51111,Newspaper Publishers,
5111,"Newspaper, Periodical, Book, and Directory Publishers",
322122,Newsprint Mills,
325311,Nitrogenous Fertilizer Manufacturing,
31134,Nonchocolate Confectionery Manufacturing,
11133,Noncitrus Fruit and Tree Nut Farming,
335932,Noncurrent-Carrying Wiring Device Manufacturing,
331522,Nonferrous (except Aluminum) Die-Casting Foundries,
332112,Nonferrous Forging,
3314,Nonferrous Metal (except Aluminum) Production and Processing,
33141,Nonferrous Metal (except Aluminum) Smelting and Refining,
33149,"Nonferrous Metal (except Copper and Aluminum) Rolling, Drawing, Extruding, and Alloying",
331491,"Nonferrous Metal (except Copper and Aluminum) Rolling, Drawing, and Extruding",
33152,Nonferrous Metal Foundries,
322215,Nonfolding Sanitary Food Container Manufacturing,
2123,Nonmetallic Mineral Mining and Quarrying,
2362,Nonresidential Building Construction,Y
531312,Nonresidential Property Managers,
4812,Nonscheduled Air Transportation,
48121,Nonscheduled Air Transportation,
481212,Nonscheduled Chartered Freight Air Transportation,
481211,Nonscheduled Chartered Passenger Air Transportation,
337122,Nonupholstered Wood Household Furniture Manufacturing,
31323,Nonwoven Fabric Mills,
221113,Nuclear Electric Power Generation,
11142,Nursery and Floriculture Production,
111421,Nursery and Tree Production,
44422,"Nursery, Garden Center, and Farm Supply Stores",
62311,Nursing Care Facilities,
6231,Nursing Care Facilities,
56111,Office Administrative Services,
5611,Office Administrative Services,
42342,Office Equipment Merchant Wholesalers,
337214,Office Furniture (except Wood) Manufacturing,
3372,Office Furniture (including Fixtures) Manufacturing,
33721,Office Furniture (including Fixtures) Manufacturing,
333313,Office Machinery Manufacturing,
53242,Office Machinery and Equipment Rental and Leasing,
33994,Office Supplies (except Paper) Manufacturing,
45321,Office Supplies and Stationery Stores,
4532,"Office Supplies, Stationery, and Gift Stores",
62139,Offices of All Other Health Practitioners,
621399,Offices of All Other Miscellaneous Health Practitioners,
551111,Offices of Bank Holding Companies,
541211,Offices of Certified Public Accountants,
62131,Offices of Chiropractors,
6212,Offices of Dentists,
62121,Offices of Dentists,
54111,Offices of Lawyers,
62133,Offices of Mental Health Practitioners (except Physicians),
54112,Offices of Notaries,
62132,Offices of Optometrists,
6213,Offices of Other Health Practitioners,
551112,Offices of Other Holding Companies,
62134,"Offices of Physical, Occupational and Speech Therapists, and Audiologists",
62111,Offices of Physicians,
6211,Offices of Physicians,
621111,Offices of Physicians (except Mental Health Specialists),
621112,"Offices of Physicians, Mental Health Specialists",
621391,Offices of Podiatrists,
53121,Offices of Real Estate Agents and Brokers,
5312,Offices of Real Estate Agents and Brokers,
53132,Offices of Real Estate Appraisers,
21111,Oil and Gas Extraction,
2111,Oil and Gas Extraction,
333132,Oil and Gas Field Machinery and Equipment Manufacturing,
23712,Oil and Gas Pipeline and Related Structures Construction,Y
11112,Oilseed (except Soybean) Farming,
111191,Oilseed and Grain Combination Farming,
1111,Oilseed and Grain Farming,
52591,Open-End Investment Funds,
339115,Ophthalmic Goods Manufacturing,
42346,Ophthalmic Goods Merchant Wholesalers,
44613,Optical Goods Stores,
333314,Optical Instrument and Lens Manufacturing,
11131,Orange Groves,
33232,Ornamental and Architectural Metal Products Manufacturing,
332323,Ornamental and Architectural Metal Work Manufacturing,
541219,Other Accounting Services,
52239,Other Activities Related to Credit Intermediation,
53139,Other Activities Related to Real Estate,
336413,Other Aircraft Parts and Auxiliary Equipment Manufacturing,
488119,Other Airport Operations,
331319,Other Aluminum Rolling and Drawing,
6219,Other Ambulatory Health Care Services,
7139,Other Amusement and Recreation Industries,
311119,Other Animal Food Manufacturing,
1129,Other Animal Production,
315999,Other Apparel Accessories and Other Apparel Manufacturing,
31519,Other Apparel Knitting Mills,
112519,Other Aquaculture,
811118,Other Automotive Mechanical and Electrical Repair and Maintenance,
81119,Other Automotive Repair and Maintenance,
32518,Other Basic Inorganic Chemical Manufacturing,
32519,Other Basic Organic Chemical Manufacturing,
23829,Other Building Equipment Contractors,Y
23839,Other Building Finishing Contractors,Y
44419,Other Building Material Dealers,
561439,Other Business Service Centers (including Copy Shops),
56149,Other Business Support Services,
3259,Other Chemical Product and Preparation Manufacturing,
42469,Other Chemical and Allied Products Merchant Wholesalers,
212393,Other Chemical and Fertilizer Mineral Mining,
44819,Other Clothing Stores,
42344,Other Commercial Equipment Merchant Wholesalers,
323119,Other Commercial Printing,
53249,Other Commercial and Industrial Machinery and Equipment Rental and Leasing,
333319,Other Commercial and Service Industry Machinery Manufacturing,
335929,Other Communication and Energy Wire Manufacturing,
33429,Other Communications Equipment Manufacturing,
624229,Other Community Housing Services,
334119,Other Computer Peripheral Equipment Manufacturing,
541519,Other Computer Related Services,
32739,Other Concrete Product Manufacturing,
42339,Other Construction Material Merchant Wholesalers,
53229,Other Consumer Goods Rental,
32229,Other Converted Paper Product Manufacturing,
1119,Other Crop Farming,
212319,Other Crushed and Broken Stone Mining and Quarrying,
31529,Other Cut and Sew Apparel Manufacturing,
52219,Other Depository Credit Intermediation,
524128,"Other Direct Insurance (except Life, Health, and Medical) Carriers",
45439,Other Direct Selling Establishments,
221119,Other Electric Power Generation,
3359,Other Electrical Equipment and Component Manufacturing,
334419,Other Electronic Component Manufacturing,
42369,Other Electronic Parts and Equipment Merchant Wholesalers,
42169,Other Electronic Parts and Equipment Wholesalers,
811219,Other Electronic and Precision Equipment Repair and Maintenance,
333618,Other Engine Equipment Manufacturing,
3329,Other Fabricated Metal Product Manufacturing,
332618,Other Fabricated Wire Product Manufacturing,
42459,Other Farm Product Raw Material Merchant Wholesalers,
5239,Other Financial Investment Activities,
52599,Other Financial Vehicles,
111419,Other Food Crops Grown Under Cover,
3119,Other Food Manufacturing,
316219,Other Footwear Manufacturing,
23819,"Other Foundation, Structure, and Building Exterior Contractors",Y
454319,Other Fuel Dealers,
3379,Other Furniture Related Product Manufacturing,
71329,Other Gambling Industries,
44719,Other Gasoline Stations,
92119,Other General Government Support,
4529,Other General Merchandise Stores,
3339,Other General Purpose Machinery Manufacturing,
11119,Other Grain Farming,
813219,Other Grantmaking and Giving Services,
42449,Other Grocery and Related Products Merchant Wholesalers,
336419,Other Guided Missile and Space Vehicle Parts and Auxiliary Equipment Manufacturing,
44619,Other Health and Personal Care Stores,
23799,Other Heavy and Civil Engineering Construction,Y
2379,Other Heavy and Civil Engineering Construction,Y
44229,Other Home Furnishings Stores,
315119,Other Hosiery and Sock Mills,
314129,Other Household Textile Product Mills,
62419,Other Individual and Family Services,
33329,Other Industrial Machinery Manufacturing,
5191,Other Information Services,
52519,Other Insurance Funds,
52429,Other Insurance Related Activities,
5259,Other Investment Pools and Funds,
92219,"Other Justice, Public Order, and Safety Activities",
313249,Other Knit Fabric and Lace Mills,
31699,Other Leather and Allied Product Manufacturing,
54119,Other Legal Services,
335129,Other Lighting Equipment Manufacturing,
989,Other Local Governmental Facilities,
335228,Other Major Household Appliance Manufacturing,
541618,Other Management Consulting Services,
114119,Other Marine Fishing,
334519,Other Measuring and Controlling Device Manufacturing,
332439,Other Metal Container Manufacturing,
21229,Other Metal Ore Mining,
332919,Other Metal Valve and Pipe Fitting Manufacturing,
333518,Other Metalworking Machinery Manufacturing,
321918,Other Millwork (including Flooring),
42399,Other Miscellaneous Durable Goods Merchant Wholesalers,
42199,Other Miscellaneous Durable Goods Wholesalers,
3399,Other Miscellaneous Manufacturing,
42499,Other Miscellaneous Nondurable Goods Merchant Wholesalers,
4539,Other Miscellaneous Store Retailers,
512199,Other Motion Picture and Video Industries,
4412,Other Motor Vehicle Dealers,
336322,Other Motor Vehicle Electrical and Electronic Equipment Manufacturing,
33639,Other Motor Vehicle Parts Manufacturing,
111339,Other Noncitrus Fruit Farming,
52229,Other Nondepository Credit Intermediation,
331528,Other Nonferrous Foundries (except Die-Casting),
562219,Other Nonhazardous Waste Treatment and Disposal,
21239,Other Nonmetallic Mineral Mining and Quarrying,
3279,Other Nonmetallic Mineral Product Manufacturing,
481219,Other Nonscheduled Air Transportation,
311223,Other Oilseed Processing,
332995,Other Ordnance and Accessories Manufacturing,
62149,Other Outpatient Care Centers,
71119,Other Performing Arts Companies,
812199,Other Personal Care Services,
81219,Other Personal Care Services,
8129,Other Personal Services,
81149,Other Personal and Household Goods Repair and Maintenance,
32419,Other Petroleum and Coal Products Manufacturing,
4869,Other Pipeline Transportation,
32619,Other Plastics Product Manufacturing,
11239,Other Poultry Production,
327212,Other Pressed and Blown Glass and Glassware Manufacturing,
42349,Other Professional Equipment and Supplies Merchant Wholesalers,
5419,"Other Professional, Scientific, and Technical Services",
51119,Other Publishers,
6239,Other Residential Care Facilities,
62399,Other Residential Care Facilities,
32629,Other Rubber Product Manufacturing,
6116,Other Schools and Instruction,
54169,Other Scientific and Technical Consulting Services,
54189,Other Services Related to Advertising,
56179,Other Services to Buildings and Dwellings,
81399,"Other Similar Organizations (except Business, Professional, Labor, and Political Organizations)",
311919,Other Snack Food Manufacturing,
813319,Other Social Advocacy Organizations,
51229,Other Sound Recording Industries,
54149,Other Specialized Design Services,
44529,Other Specialty Food Stores,
2389,Other Specialty Trade Contractors,Y
711219,Other Spectator Sports,
939,Other State Governmental Facilities,
327123,Other Structural Clay Product Manufacturing,
48819,Other Support Activities for Air Transportation,
48849,Other Support Activities for Road Transportation,
48899,Other Support Activities for Transportation,
4889,Other Support Activities for Transportation,
48839,Other Support Activities for Water Transportation,
5619,Other Support Services,
611519,Other Technical and Trade Schools,
51791,Other Telecommunications,
5179,Other Telecommunications,
3149,Other Textile Product Mills,
312229,Other Tobacco Product Manufacturing,
48599,Other Transit and Ground Passenger Transportation,
4859,Other Transit and Ground Passenger Transportation,
3369,Other Transportation Equipment Manufacturing,
33699,Other Transportation Equipment Manufacturing,
56159,Other Travel Arrangement and Reservation Services,
72119,Other Traveler Accommodation,
485119,Other Urban Transit Systems,
111219,Other Vegetable (except Potato) and Melon Farming,
49319,Other Warehousing and Storage,
562119,Other Waste Collection,
3219,Other Wood Product Manufacturing,
44421,Outdoor Power Equipment Stores,
315191,Outerwear Knitting Mills,
6214,Outpatient Care Centers,
62142,Outpatient Mental Health and Substance Abuse Centers,
333923,"Overhead Traveling Crane, Hoist, and Monorail System Manufacturing",
42442,Packaged Frozen Food Merchant Wholesalers,
333993,Packaging Machinery Manufacturing,
56191,Packaging and Labeling Services,
488991,Packing and Crating,
32551,Paint and Coating Manufacturing,
44412,Paint and Wallpaper Stores,
3255,"Paint, Coating, and Adhesive Manufacturing",
42495,"Paint, Varnish, and Supplies Merchant Wholesalers",
23832,Painting and Wall Covering Contractors,Y
322121,Paper (except Newsprint) Mills,
32222,Paper Bag and Coated and Treated Paper Manufacturing,
333291,Paper Industry Machinery Manufacturing,
32212,Paper Mills,
4241,Paper and Paper Product Merchant Wholesalers,
32221,Paperboard Container Manufacturing,
32213,Paperboard Mills,
81293,Parking Lots and Garages,
92215,Parole Offices and Probation Offices,
532112,Passenger Car Leasing,
532111,Passenger Car Rental,
53211,Passenger Car Rental and Leasing,
541214,Payroll Services,
111992,Peanut Farming,
339941,Pen and Mechanical Pencil Manufacturing,
52511,Pension Funds,
7111,Performing Arts Companies,
51112,Periodical Publishers,
311991,Perishable Prepared Food Manufacturing,
8121,Personal Care Services,
316993,Personal Leather Good (except Women's Handbag and Purse) Manufacturing,
8114,Personal and Household Goods Repair and Maintenance,
32532,Pesticide and Other Agricultural Chemical Manufacturing,
3253,"Pesticide, Fertilizer, and Other Agricultural Chemical Manufacturing",
81291,Pet Care (except Veterinary) Services,
45391,Pet and Pet Supplies Stores,
32511,Petrochemical Manufacturing,
42471,Petroleum Bulk Stations and Terminals,
324191,Petroleum Lubricating Oil and Grease Manufacturing,
32411,Petroleum Refineries,
3241,Petroleum and Coal Products Manufacturing,
4247,Petroleum and Petroleum Products Merchant Wholesalers,
42472,Petroleum and Petroleum Products Merchant Wholesalers (except Bulk Stations and Terminals),
325412,Pharmaceutical Preparation Manufacturing,
3254,Pharmaceutical and Medicine Manufacturing,
32541,Pharmaceutical and Medicine Manufacturing,
44611,Pharmacies and Drug Stores,
212392,Phosphate Rock Mining,
325312,Phosphatic Fertilizer Manufacturing,
81292,Photofinishing,
812921,Photofinishing Laboratories (except One-Hour),
42341,Photographic Equipment and Supplies Merchant Wholesalers,
325992,"Photographic Film, Paper, Plate, and Chemical Manufacturing",
54192,Photographic Services,
333315,Photographic and Photocopying Equipment Manufacturing,
541921,"Photography Studios, Portrait",
42431,"Piece Goods, Notions, and Other Dry Goods Merchant Wholesalers",
48611,Pipeline Transportation of Crude Oil,
4861,Pipeline Transportation of Crude Oil,
48621,Pipeline Transportation of Natural Gas,
4862,Pipeline Transportation of Natural Gas,
48691,Pipeline Transportation of Refined Petroleum Products,
326111,Plastics Bag and Pouch Manufacturing,
32616,Plastics Bottle Manufacturing,
325211,Plastics Material and Resin Manufacturing,
42461,Plastics Materials and Basic Forms and Shapes Merchant Wholesalers,
326112,Plastics Packaging Film and Sheet (including Laminated) Manufacturing,
32611,Plastics Packaging Materials and Unlaminated Film and Sheet Manufacturing,
326122,Plastics Pipe and Pipe Fitting Manufacturing,
32612,"Plastics Pipe, Pipe Fitting, and Unlaminated Profile Shape Manufacturing",
326191,Plastics Plumbing Fixture Manufacturing,
3261,Plastics Product Manufacturing,
33322,Plastics and Rubber Industry Machinery Manufacturing,
332313,Plate Work Manufacturing,
33231,Plate Work and Fabricated Structural Product Manufacturing,
332913,Plumbing Fixture Fitting and Trim Manufacturing,
42372,Plumbing and Heating Equipment and Supplies (Hydronics) Merchant Wholesalers,
23511,"Plumbing, Heating and Air-Conditioning Contractors",Y
23822,"Plumbing, Heating, and Air-Conditioning Contractors",Y
92212,Police Protection,
325612,Polish and Other Sanitation Good Manufacturing,
81394,Political Organizations,
32614,Polystyrene Foam Product Manufacturing,
327113,Porcelain Electrical Supply Manufacturing,
48831,Port and Harbor Operations,
52392,Portfolio Management,
49111,Postal Service,
4911,Postal Service,
115114,Postharvest Crop Activities (except Cotton Ginning),
51219,Postproduction Services and Other Motion Picture and Video Industries,
212391,"Potash, Soda, and Borate Mineral Mining",
111211,Potato Farming,
32711,"Pottery, Ceramics, and Plumbing Fixture Manufacturing",
11234,Poultry Hatcheries,
311615,Poultry Processing,
1123,Poultry and Egg Production,
42444,Poultry and Poultry Product Merchant Wholesalers,
23811,Poured Concrete Foundation and Structure Contractors,Y
332117,Powder Metallurgy Part Manufacturing,
33241,Power Boiler and Heat Exchanger Manufacturing,
23713,Power and Communication Line and Related Structures Construction,Y
335311,"Power, Distribution, and Specialty Transformer Manufacturing",
333991,Power-Driven Handtool Manufacturing,
332721,Precision Turned Product Manufacturing,
332311,Prefabricated Metal Building and Component Manufacturing,
321992,Prefabricated Wood Building Manufacturing,
323122,Prepress Services,
334612,"Prerecorded Compact Disc (except Software), Tape, and Record Reproducing",
45122,"Prerecorded Tape, Compact Disc, and Record Stores",
331312,Primary Aluminum Production,
335912,Primary Battery Manufacturing,
331411,Primary Smelting and Refining of Copper,
331419,Primary Smelting and Refining of Nonferrous Metal (except Copper and Aluminum),
334418,Printed Circuit Assembly (Electronic Assembly) Manufacturing,
32311,Printing,
32591,Printing Ink Manufacturing,
333293,Printing Machinery and Equipment Manufacturing,
3231,Printing and Related Support Activities,
42411,Printing and Writing Paper Merchant Wholesalers,
81411,Private Households,
8141,Private Households,
561431,Private Mail Centers,
541614,"Process, Physical Distribution, and Logistics Consulting Services",
56133,Professional Employer Organizations,
81392,Professional Organizations,
4234,Professional and Commercial Equipment and Supplies Merchant Wholesalers,
61143,Professional and Management Development Training,
7113,"Promoters of Performing Arts, Sports, and Similar Events",
71131,"Promoters of Performing Arts, Sports, and Similar Events with Facilities",
71132,"Promoters of Performing Arts, Sports, and Similar Events without Facilities",
62221,Psychiatric and Substance Abuse Hospitals,
6222,Psychiatric and Substance Abuse Hospitals,
92113,Public Finance Activities,
54182,Public Relations Agencies,
32211,Pulp Mills,
3221,"Pulp, Paper, and Paperboard Mills",
33391,Pump and Compressor Manufacturing,
333911,Pump and Pumping Equipment Manufacturing,
323114,Quick Printing,
721211,RV (Recreational Vehicle) Parks and Campgrounds,
7212,RV (Recreational Vehicle) Parks and Recreational Camps,
72121,RV (Recreational Vehicle) Parks and Recreational Camps,
711212,Racetracks,
51511,Radio Broadcasting,
515111,Radio Networks,
515112,Radio Stations,
5151,Radio and Television Broadcasting,
33422,Radio and Television Broadcasting and Wireless Communications Equipment Manufacturing,
443112,"Radio, Television, and Other Electronics Stores",
48211,Rail Transportation,
4821,Rail Transportation,
3365,Railroad Rolling Stock Manufacturing,
33651,Railroad Rolling Stock Manufacturing,
32732,Ready-Mix Concrete Manufacturing,
522292,Real Estate Credit,
52593,Real Estate Investment Trusts,
53131,Real Estate Property Managers,
321219,Reconstituted Wood Product Manufacturing,
51221,Record Production,
532292,Recreational Goods Rental,
44121,Recreational Vehicle Dealers,
721214,Recreational and Vacation Camps (except Campgrounds),
42393,Recyclable Material Merchant Wholesalers,
49312,Refrigerated Warehousing and Storage,
42374,Refrigeration Equipment and Supplies Merchant Wholesalers,
92613,"Regulation and Administration of Communications, Electric, Gas, and Other Utilities",
92612,Regulation and Administration of Transportation Programs,
92614,Regulation of Agricultural Marketing and Commodities,
92615,"Regulation, Licensing, and Inspection of Miscellaneous Commercial Sectors",
52413,Reinsurance Carriers,
335314,Relay and Industrial Control Manufacturing,
81311,Religious Organizations,
8131,Religious Organizations,
56291,Remediation Services,
5629,Remediation and Other Waste Management Services,
311613,Rendering and Meat Byproduct Processing,
561491,Repossession Services,
541711,Research and Development in Biotechnology,
54171,"Research and Development in the Physical, Engineering, and Life Sciences",
541712,"Research and Development in the Physical, Engineering, and Life Sciences (except Biotechnology)",
54172,Research and Development in the Social Sciences and Humanities,
2332,Residential Building Construction,Y
23611,Residential Building Construction,Y
2361,Residential Building Construction,Y
335121,Residential Electric Lighting Fixture Manufacturing,
62322,Residential Mental Health and Substance Abuse Facilities,
62321,Residential Mental Retardation Facilities,
6232,"Residential Mental Retardation, Mental Health and Substance Abuse Facilities",
531311,Residential Property Managers,
236118,Residential Remodelers,Y
326192,Resilient Floor Covering Manufacturing,
32521,Resin and Synthetic Rubber Manufacturing,
3252,"Resin, Synthetic Rubber, and Artificial Synthetic Fibers and Filaments Manufacturing",
311811,Retail Bakeries,
81142,Reupholstery and Furniture Repair,
11116,Rice Farming,
311212,Rice Milling,
311911,Roasted Nuts and Peanut Butter Manufacturing,
331221,Rolled Steel Shape Manufacturing,
333516,Rolling Mill Machinery and Equipment Manufacturing,
33122,Rolling and Drawing of Purchased Steel,
23816,Roofing Contractors,Y
42133,"Roofing, Siding and Insulation Material Wholesalers",
23561,"Roofing, Siding and Sheet Metal Contractors",Y
42333,"Roofing, Siding, and Insulation Material Merchant Wholesalers",
7213,Rooming and Boarding Houses,
72131,Rooming and Boarding Houses,
314991,"Rope, Cordage, and Twine Mills",
3262,Rubber Product Manufacturing,
326291,Rubber Product Manufacturing for Mechanical Use,
316211,Rubber and Plastics Footwear Manufacturing,
32622,Rubber and Plastics Hoses and Belting Manufacturing,
52222,Sales Financing,
21232,"Sand, Gravel, Clay, and Ceramic and Refractory Minerals Mining and Quarrying",
322291,Sanitary Paper Product Manufacturing,
51741,Satellite Telecommunications,
5174,Satellite Telecommunications,
52212,Savings Institutions,
332213,Saw Blade and Handsaw Manufacturing,
33321,Sawmill and Woodworking Machinery Manufacturing,
321113,Sawmills,
3211,Sawmills and Wood Preservation,
32111,Sawmills and Wood Preservation,
333997,Scale and Balance Manufacturing,
48711,"Scenic and Sightseeing Transportation, Land",
48799,"Scenic and Sightseeing Transportation, Other",
48721,"Scenic and Sightseeing Transportation, Water",
4811,Scheduled Air Transportation,
48111,Scheduled Air Transportation,
481112,Scheduled Freight Air Transportation,
481111,Scheduled Passenger Air Transportation,
313222,Schiffli Machine Embroidery,
4854,School and Employee Bus Transportation,
48541,School and Employee Bus Transportation,
5417,Scientific Research and Development Services,
311711,Seafood Canning,
3117,Seafood Product Preparation and Packaging,
31171,Seafood Product Preparation and Packaging,
334511,"Search, Detection, Navigation, Guidance, Aeronautical, and Nautical System and Instrument Manufacturing",
31194,Seasoning and Dressing Manufacturing,
522294,Secondary Market Financing,
331314,Secondary Smelting and Alloying of Aluminum,
331423,"Secondary Smelting, Refining, and Alloying of Copper",
331492,"Secondary Smelting, Refining, and Alloying of Nonferrous Metal (except Copper and Aluminum)",
52312,Securities Brokerage,
5231,Securities and Commodity Contracts Intermediation and Brokerage,
52321,Securities and Commodity Exchanges,
5232,Securities and Commodity Exchanges,
561612,Security Guards and Patrol Services,
56162,Security Systems Services,
561621,Security Systems Services (except Locksmiths),
333295,Semiconductor Machinery Manufacturing,
33441,Semiconductor and Other Electronic Component Manufacturing,
3344,Semiconductor and Other Electronic Component Manufacturing,
334413,Semiconductor and Related Device Manufacturing,
562991,Septic Tank and Related Services,
42385,Service Establishment Equipment and Supplies Merchant Wholesalers,
62412,Services for the Elderly and Persons with Disabilities,
5617,Services to Buildings and Dwellings,
322213,Setup Paperboard Box Manufacturing,
22132,Sewage Treatment Facilities,
45113,"Sewing, Needlework, and Piece Goods Stores",
11241,Sheep Farming,
1124,Sheep and Goat Farming,
332322,Sheet Metal Work Manufacturing,
112512,Shellfish Farming,
114112,Shellfish Fishing,
336611,Ship Building and Repairing,
33661,Ship and Boat Building,
3366,Ship and Boat Building,
44821,Shoe Stores,
4482,Shoe Stores,
482112,Short Line Railroads,
337215,"Showcase, Partition, Shelving, and Locker Manufacturing",
23817,Siding Contractors,Y
33995,Sign Manufacturing,
212222,Silver Ore Mining,
23321,Single Family Housing Construction,Y
23891,Site Preparation Contractors,Y
71392,Skiing Facilities,
332992,Small Arms Ammunition Manufacturing,
332994,Small Arms Manufacturing,
33521,Small Electrical Appliance Manufacturing,
31191,Snack Food Manufacturing,
722213,Snack and Nonalcoholic Beverage Bars,
32561,Soap and Cleaning Compound Manufacturing,
325611,Soap and Other Detergent Manufacturing,
3256,"Soap, Cleaning Compound, and Toilet Preparation Manufacturing",
8133,Social Advocacy Organizations,
81331,Social Advocacy Organizations,
312111,Soft Drink Manufacturing,
31211,Soft Drink and Ice Manufacturing,
51121,Software Publishers,
5112,Software Publishers,
334611,Software Reproducing,
115112,"Soil Preparation, Planting, and Cultivating",
562111,Solid Waste Collection,
562213,Solid Waste Combustors and Incinerators,
562212,Solid Waste Landfill,
51224,Sound Recording Studios,
11111,Soybean Farming,
311222,Soybean Processing,
92711,Space Research and Technology,
9271,Space Research and Technology,
333514,"Special Die and Tool, Die Set, Jig, and Fixture Manufacturing",
7223,Special Food Services,
485991,Special Needs Transportation,
5414,Specialized Design Services,
48422,"Specialized Freight (except Used Goods) Trucking, Local",
48423,"Specialized Freight (except Used Goods) Trucking, Long-Distance",
4842,Specialized Freight Trucking,
6223,Specialty (except Psychiatric and Substance Abuse) Hospitals,
62231,Specialty (except Psychiatric and Substance Abuse) Hospitals,
311422,Specialty Canning,
4452,Specialty Food Stores,
238,Specialty Trade Contractors,Y
7112,Spectator Sports,
71121,Spectator Sports,
333612,"Speed Changer, Industrial High-Speed Drive, and Gear Manufacturing",
311942,Spice and Extract Manufacturing,
45111,Sporting Goods Stores,
4511,"Sporting Goods, Hobby, and Musical Instrument Stores",
33992,Sporting and Athletic Goods Manufacturing,
42391,Sporting and Recreational Goods and Supplies Merchant Wholesalers,
42191,Sporting and Recreational Goods and Supplies Wholesalers,
711211,Sports Teams and Clubs,
61162,Sports and Recreation Instruction,
332611,Spring (Heavy Gauge) Manufacturing,
332612,Spring (Light Gauge) Manufacturing,
33261,Spring and Wire Product Manufacturing,
3326,Spring and Wire Product Manufacturing,
928,State Alcoholic Beverage Stores,
913,State Ambulance and Rescue Squads (except fire or police),
911,State Correctional Institutions,
921,State Elementary and Secondary Schools,
933,State Environmental Quality Programs,
912,State Fire Protection,
931,State Generation and Distribution of Electric Power,
92,State Government (spans 091-093),
919,State Group Homes for Mentally and Physically Handicapped,
926,State Highway Departments,
916,State Hospitals,
922,State Institutions of Higher Education,
915,State Libraries,
917,State Nursing Homes,
929,State Off-Track Betting Corp.,
925,State Parks and Recreation,
914,State Police Protection,
932,State Provision of Residential and Commercial Telephone and Telegraphic Communications,
924,State School Boards or Districts,
923,State Schools for Handicapped & Gifted,
918,State Sheltered Workshops,
927,State Transit Systems,
9,State and Local Government,
32223,Stationery Product Manufacturing,
42412,Stationery and Office Supplies Merchant Wholesalers,
322233,"Stationery, Tablet, and Related Product Manufacturing",
22133,Steam and Air-Conditioning Supply,
331513,Steel Foundries (except Investment),
331512,Steel Investment Foundries,
3312,Steel Product Manufacturing from Purchased Steel,
331222,Steel Wire Drawing,
21231,Stone Mining and Quarrying,
335911,Storage Battery Manufacturing,
111333,Strawberry Farming,
23591,Structural Steel Erection Contractors,Y
23812,Structural Steel and Precast Concrete Contractors,Y
111991,Sugar Beet Farming,
31131,Sugar Manufacturing,
3113,Sugar and Confectionery Product Manufacturing,
11193,Sugarcane Farming,
311311,Sugarcane Mills,
44511,Supermarkets and Other Grocery (except Convenience) Stores,
4881,Support Activities for Air Transportation,
1152,Support Activities for Animal Production,
11521,Support Activities for Animal Production,
213113,Support Activities for Coal Mining,
11511,Support Activities for Crop Production,
1151,Support Activities for Crop Production,
11531,Support Activities for Forestry,
1153,Support Activities for Forestry,
213114,Support Activities for Metal Mining,
2131,Support Activities for Mining,
21311,Support Activities for Mining,
213115,Support Activities for Nonmetallic Minerals (except Fuels) Mining,
213112,Support Activities for Oil and Gas Operations,
32312,Support Activities for Printing,
48821,Support Activities for Rail Transportation,
4882,Support Activities for Rail Transportation,
4884,Support Activities for Road Transportation,
4883,Support Activities for Water Transportation,
325613,Surface Active Agent Manufacturing,
339113,Surgical Appliance and Supplies Manufacturing,
339112,Surgical and Medical Instrument Manufacturing,
54137,Surveying and Mapping (except Geophysical) Services,
335313,Switchgear and Switchboard Apparatus Manufacturing,
325132,Synthetic Organic Dye and Pigment Manufacturing,
325212,Synthetic Rubber Manufacturing,
541213,Tax Preparation Services,
48531,Taxi Service,
4853,Taxi and Limousine Service,
6115,Technical and Trade Schools,
61151,Technical and Trade Schools,
5133,Telecommunications,
517911,Telecommunications Resellers,
51731,Telecommunications Resellers,
5173,Telecommunications Resellers,
561422,Telemarketing Bureaus and Other Contact Centers,
561421,Telephone Answering Services,
33421,Telephone Apparatus Manufacturing,
56142,Telephone Call Centers,
512191,Teleproduction and Other Postproduction Services,
51512,Television Broadcasting,
56132,Temporary Help Services,
624221,Temporary Shelters,
54138,Testing Laboratories,
314911,Textile Bag Mills,
31491,Textile Bag and Canvas Mills,
3141,Textile Furnishings Mills,
333292,Textile Machinery Manufacturing,
313312,Textile and Fabric Finishing (except Broadwoven Fabric) Mills,
31331,Textile and Fabric Finishing Mills,
3133,Textile and Fabric Finishing and Fabric Coating Mills,
71111,Theater Companies and Dinner Theaters,
524292,Third Party Administration of Insurance and Pension Funds,
313113,Thread Mills,
23834,Tile and Terrazzo Contractors,Y
11311,Timber Tract Operations,
1131,Timber Tract Operations,
314992,Tire Cord and Tire Fabric Mills,
44132,Tire Dealers,
32621,Tire Manufacturing,
326211,Tire Manufacturing (except Retreading),
326212,Tire Retreading,
42313,Tire and Tube Merchant Wholesalers,
541191,Title Abstract and Settlement Offices,
11191,Tobacco Farming,
3122,Tobacco Manufacturing,
31222,Tobacco Product Manufacturing,
31221,Tobacco Stemming and Redrying,
453991,Tobacco Stores,
42494,Tobacco and Tobacco Product Merchant Wholesalers,
32562,Toilet Preparation Manufacturing,
31183,Tortilla Manufacturing,
334514,Totalizing Fluid Meter and Counting Device Manufacturing,
56152,Tour Operators,
42392,Toy and Hobby Goods and Supplies Merchant Wholesalers,
323121,Tradebinding and Related Work,
54193,Translation and Interpretation Services,
48,Transportation,
42386,Transportation Equipment and Supplies (except Motor Vehicle) Merchant Wholesalers,
48-49,Transportation and Warehousing,
56151,Travel Agencies,
5615,Travel Arrangement and Reservation Services,
336214,Travel Trailer and Camper Manufacturing,
7211,Traveler Accommodation,
111335,Tree Nut Farming,
336212,Truck Trailer Manufacturing,
484,Truck Transportation,
53212,"Truck, Utility Trailer, and RV (Recreational Vehicle) Rental and Leasing",
321214,Truss Manufacturing,
523991,"Trust, Fiduciary, and Custody Activities",
52592,"Trusts, Estates, and Agency Accounts",
333611,Turbine and Turbine Generator Set Units Manufacturing,
11233,Turkey Production,
33272,"Turned Product and Screw, Nut, and Bolt Manufacturing",
322224,Uncoated Paper and Multiwall Bag Manufacturing,
315192,Underwear and Nightwear Knitting Mills,
326113,Unlaminated Plastics Film and Sheet (except Packaging) Manufacturing,
326121,Unlaminated Plastics Profile Shape Manufacturing,
337121,Upholstered Household Furniture Manufacturing,
4851,Urban Transit Systems,
48511,Urban Transit Systems,
32615,Urethane and Other Foam Product (except Polystyrene) Manufacturing,
44112,Used Car Dealers,
48421,Used Household and Office Goods Moving,
4533,Used Merchandise Stores,
45331,Used Merchandise Stores,
2371,Utility System Construction,Y
1112,Vegetable and Melon Farming,
11121,Vegetable and Melon Farming,
336321,Vehicular Lighting Equipment Manufacturing,
4542,Vending Machine Operators,
45421,Vending Machine Operators,
32121,"Veneer, Plywood, and Engineered Wood Product Manufacturing",
3212,"Veneer, Plywood, and Engineered Wood Product Manufacturing",
33341,"Ventilation, Heating, Air-Conditioning, and Commercial Refrigeration Equipment Manufacturing",
3334,"Ventilation, Heating, Air-Conditioning, and Commercial Refrigeration Equipment Manufacturing",
54194,Veterinary Services,
53223,Video Tape and Disc Rental,
327111,Vitreous China Plumbing Fixture and China and Earthenware Bathroom Accessories Manufacturing,
327112,"Vitreous China, Fine Earthenware, and Other Pottery Product Manufacturing",
62431,Vocational Rehabilitation Services,
6243,Vocational Rehabilitation Services,
813212,Voluntary Health Organizations,
45291,Warehouse Clubs and Supercenters,
4931,Warehousing and Storage,
42373,Warm Air Heating and Air-Conditioning Equipment and Supplies Merchant Wholesalers,
56211,Waste Collection,
5621,Waste Collection,
56221,Waste Treatment and Disposal,
5622,Waste Treatment and Disposal,
334518,"Watch, Clock, and Part Manufacturing",
22131,Water Supply and Irrigation Systems,
23711,Water and Sewer Line and Related Structures Construction,Y
2213,"Water, Sewage and Other Systems",
518112,Web Search Portals,
313241,Weft Knit Fabric Mills,
333992,Welding and Soldering Equipment Manufacturing,
311221,Wet Corn Milling,
11114,Wheat Farming,
4251,Wholesale Electronic Markets and Agents and Brokers,
42512,Wholesale Trade Agents and Brokers,
442291,Window Treatment Stores,
42482,Wine and Distilled Alcoholic Beverage Merchant Wholesalers,
31213,Wineries,
51711,Wired Telecommunications Carriers,
5171,Wired Telecommunications Carriers,
51331,Wired Telecommunications Carriers,
51721,Wireless Telecommunications Carriers (except Satellite),
5172,Wireless Telecommunications Carriers (except Satellite),
33593,Wiring Device Manufacturing,
44812,Women's Clothing Stores,
316214,Women's Footwear (except Athletic) Manufacturing,
316992,Women's Handbag and Purse Manufacturing,
31523,Women's and Girls' Cut and Sew Apparel Manufacturing,
315232,Women's and Girls' Cut and Sew Blouse and Shirt Manufacturing,
315233,Women's and Girls' Cut and Sew Dress Manufacturing,
315231,"Women's and Girls' Cut and Sew Lingerie, Loungewear, and Nightwear Manufacturing",
315239,Women's and Girls' Cut and Sew Other Outerwear Manufacturing,
315234,"Women's and Girls' Cut and Sew Suit, Coat, Tailored Jacket, and Skirt Manufacturing",
42433,"Women's, Children's, and Infants' Clothing and Accessories Merchant Wholesalers",
42233,"Women's, Children's, and Infants' Clothing and Accessories Wholesalers",
315212,"Women's, Girls', and Infants' Cut and Sew Apparel Contractors",
32192,Wood Container and Pallet Manufacturing,
33711,Wood Kitchen Cabinet and Countertop Manufacturing,
337211,Wood Office Furniture Manufacturing,
321114,Wood Preservation,
337129,"Wood Television, Radio, and Sewing Machine Cabinet Manufacturing",
321911,Wood Window and Door Manufacturing,
23594,Wrecking and Demolition Contractors,Y
313112,"Yarn Texturizing, Throwing, and Twisting Mills",
71213,Zoos and Botanical Gardens,
